split,label,threat_type,modes,headline
dev,disrupted,weather,sea,"Typhoon Koinu forces Kaohsiung port to suspend container operations"
dev,disrupted,weather,road,"Blizzard closes Interstate 80 across Wyoming, stranding hundreds of trucks"
dev,disrupted,weather,rail,"Monsoon floods wash away rail tracks between Mumbai and Pune"
dev,disrupted,weather,air,"Thick fog grounds cargo flights at Delhi airport for a second day"
dev,disrupted,weather,sea,"Hurricane Ida shuts Gulf Coast ports and refineries"
dev,disrupted,weather,sea,"Record drought cuts Panama Canal daily transits to 24 ships"
dev,disrupted,weather,rail,"Heavy snow and ice halt freight trains across southern Sweden"
dev,disrupted,weather,sea,"Cyclone Mocha makes landfall and Chittagong port is closed"
dev,disrupted,weather,air,"Severe storms ground flights at Frankfurt as the air cargo backlog builds"
dev,disrupted,labour,sea,"Dockworkers at Hamburg and Bremerhaven stage a 24-hour strike"
dev,disrupted,labour,rail,"French rail freight halted as unions launch rolling strikes"
dev,disrupted,labour,air,"Air cargo handlers at Heathrow airport walk out over pay"
dev,disrupted,labour,road,"Truck drivers in South Korea strike, stalling cement and steel deliveries"
dev,disrupted,labour,sea,"Port of Santos workers begin an indefinite strike"
dev,disrupted,labour,rail,"Canadian rail network shuts down as lockout begins at CN and CPKC"
dev,disrupted,labour,sea,"Longshore union halts work at Oakland port terminals"
dev,disrupted,labour,road,"Lorry drivers blockade fuel depots in protest over diesel prices"
dev,disrupted,geopolitical,sea,"Houthi forces seize a cargo ship in the Red Sea"
dev,disrupted,geopolitical,sea,"Shipping lines suspend Black Sea calls after port is shelled"
dev,disrupted,geopolitical,any,"New export ban on rare earths disrupts electronics supply"
dev,disrupted,geopolitical,air,"Airspace closure over the Middle East forces cargo flights to reroute"
dev,disrupted,geopolitical,sea,"Pirates board a bulk carrier vessel off the Somali coast"
dev,disrupted,geopolitical,rail,"Border closed between Kazakhstan and China, leaving rail freight stranded"
dev,disrupted,geopolitical,sea,"Sanctions freeze shipping through a major Baltic port"
dev,disrupted,geopolitical,sea,"Naval exercises close the Taiwan Strait to commercial traffic"
dev,disrupted,infrastructure,sea,"Container ship loses power and blocks Bosphorus traffic"
dev,disrupted,infrastructure,rail,"Freight train derailment closes main line through Ohio"
dev,disrupted,infrastructure,sea,"Explosion at Beirut port destroys grain silos and warehouses"
dev,disrupted,infrastructure,sea,"Power outage halts cranes at Colombo container port"
dev,disrupted,infrastructure,road,"Highway bridge collapse cuts key trucking route to Genoa"
dev,disrupted,infrastructure,sea,"Fire in cargo hold forces vessel to divert to Port Louis"
dev,disrupted,infrastructure,air,"Runway closure at Hong Kong airport disrupts freighter schedules"
dev,disrupted,infrastructure,road,"Tunnel fire closes Mont Blanc route to trucks"
dev,disrupted,infrastructure,sea,"Lock gate failure closes the Kiel Canal to shipping"
dev,disrupted,cyber,sea,"Ransomware attack halts operations at the Port of Nagoya"
dev,disrupted,cyber,any,"Cyberattack takes down freight forwarder's booking systems worldwide"
dev,disrupted,cyber,rail,"Hackers disrupt rail signalling systems in Denmark"
dev,disrupted,cyber,air,"Airline cargo IT systems hit by cyberattack, shipments delayed"
dev,disrupted,cyber,road,"Malware attack cripples trucking company's dispatch network"
dev,disrupted,congestion,sea,"Vessel queue outside Singapore anchorage grows to 60 ships"
dev,disrupted,congestion,sea,"Yard congestion at Felixstowe port pushes container dwell time to 14 days"
dev,disrupted,congestion,rail,"Rail terminals in Chicago overwhelmed as container backlog swells"
dev,disrupted,congestion,air,"Air cargo backlog at Shanghai Pudong airport leaves freight waiting a week"
dev,disrupted,congestion,road,"Border truck queues stretch 40 km at the Polish-Belarus crossing"
dev,disrupted,congestion,sea+road,"Chassis shortage slows container pickups by trucks at Savannah port"
dev,disrupted,congestion,sea,"Congestion at Durban port leaves ships waiting three weeks"
dev,safe,,,"Maersk reports higher quarterly profit on strong demand"
dev,safe,,,"Port of Antwerp-Bruges opens new container terminal"
dev,safe,,,"DP World completes acquisition of logistics firm in India"
dev,safe,,,"Air cargo volumes rise 8% in August as e-commerce grows"
dev,safe,,,"Rail freight operator adds new daily service between Duisburg and Milan"
dev,safe,,,"Truck manufacturer unveils electric long-haul model"
dev,safe,,,"Singapore port signs green shipping corridor agreement with Rotterdam"
dev,safe,,,"FedEx names new chief operating officer"
dev,safe,,,"Container freight rates steady for third consecutive week"
dev,safe,,,"Panama Canal lifts draft restrictions as water levels recover"
dev,safe,,,"Union and port employers strike a deal, averting walkout"
dev,safe,,,"Storm of criticism greets new shipping emissions rule"
dev,safe,,,"Shipping stocks rally as freight rates climb"
dev,safe,,,"Congestion eases at Los Angeles as vessel queue clears"
dev,safe,,,"Suez Canal traffic back to normal after grounded ship refloated"
dev,safe,,,"Cybersecurity startup raises $40 million to protect port systems"
dev,safe,,,"Strike action called off after pay agreement at Antwerp"
dev,safe,,,"Typhoon season forecast to be milder than average"
dev,safe,,,"Trucking company wins national road safety award"
dev,safe,,,"Airport opens new cold-chain facility for pharmaceuticals"
dev,safe,,,"Railway completes electrification of freight corridor"
dev,safe,,,"Carrier orders six methanol-powered container ships"
dev,safe,,,"Customs agency launches single-window digital clearance"
dev,safe,,,"Logistics park in Pune adds 1 million square feet of warehousing"
dev,safe,,,"Airline expands freighter fleet with two new Boeing 777Fs"
dev,safe,,,"Port authority completes dredging project ahead of schedule"
dev,safe,,,"Warehouse automation firm reports record orders"
dev,safe,,,"Global trade volumes expected to grow 3% next year"
dev,safe,,,"New rail bridge opens, cutting freight journey times"
dev,safe,,,"Shipping line launches direct service from Vietnam to Mexico"
dev,safe,,,"Port of Jebel Ali handles a record 15 million containers"
dev,safe,,,"Freight forwarder partners with startup on AI route planning"
dev,safe,,,"Drivers praise new truck stops along national highway"
dev,safe,,,"Port workers celebrate 100 years of the harbour"
dev,safe,,,"Air traffic returns to normal after morning fog lifts"
dev,safe,,,"Rail operator reports 99% on-time performance for freight trains"
dev,safe,,,"Government approves funding for new deep-water port"
dev,safe,,,"Shipping industry conference opens in Hamburg"
dev,safe,,,"Retailers stock up early for the holiday season"
dev,safe,,,"Carrier's schedule reliability improves to 65%"
dev,safe,,,"Firefighters hold safety drill at container terminal"
dev,safe,,,"Tanker rates fall as oil demand softens"
dev,safe,,,"E-commerce giant opens fulfilment centre near Chennai"
dev,safe,,,"Port of Long Beach unveils zero-emission truck program"
dev,safe,,,"Trade ministers sign agreement to cut tariffs on machinery"
dev,safe,,,"Cargo airline celebrates its 50th anniversary"
dev,safe,,,"Flood of orders lifts shipbuilder's shares"
dev,safe,,,"Blockbuster film scenes shot at Rotterdam port"
dev,safe,,,"Rail freight grows as shippers shift from road"
dev,safe,,,"Port community system upgrade completed without downtime"
test,disrupted,weather,sea,"Typhoon Doksuri shuts Xiamen and Fuzhou ports as winds reach 175 km/h"
test,disrupted,weather,rail,"Winter storm freezes rail switches, halting freight across Texas"
test,disrupted,weather,road,"Flash floods submerge highway near Chennai, leaving cargo trucks stranded"
test,disrupted,weather,air,"Sandstorm grounds flights at Dubai airport"
test,disrupted,weather,sea,"Hurricane Milton forces closure of the Port of Tampa"
test,disrupted,weather,sea,"Rhine water levels fall so low that barges carry a third of their load"
test,disrupted,weather,rail,"Heatwave buckles rail lines, slowing freight trains across Britain"
test,disrupted,weather,sea,"Cyclone Freddy batters Beira port and operations are suspended"
test,disrupted,weather,air,"Snowstorm closes Chicago O'Hare airport and air freight is delayed"
test,disrupted,labour,sea+rail,"Finnish port and rail workers begin a week-long political strike"
test,disrupted,labour,air,"Air traffic controllers strike in France and cargo flights are cancelled"
test,disrupted,labour,sea,"Belgian dockers stage a national strike, bringing Antwerp to a standstill"
test,disrupted,labour,road,"Nationwide truckers' strike in Brazil blocks highways"
test,disrupted,labour,rail,"German train drivers' union calls a 50-hour freight strike"
test,disrupted,labour,sea,"Australian wharfies take industrial action at Sydney terminals"
test,disrupted,labour,sea+road,"Customs officers work to rule, causing long lorry delays at Dover"
test,disrupted,labour,any,"Warehouse workers walk out at a logistics hub ahead of peak season"
test,disrupted,geopolitical,sea,"Missile strike hits a tanker near the Bab el-Mandeb strait"
test,disrupted,geopolitical,sea,"Insurers raise war-risk premiums for shipping as conflict spreads to the Black Sea"
test,disrupted,geopolitical,any,"Export controls on chips tighten and shipments are held at customs"
test,disrupted,geopolitical,air,"Russia closes its airspace to Western carriers, forcing cargo flights onto longer routes"
test,disrupted,geopolitical,sea,"Armed robbery attacks on ships rise in the Singapore Strait"
test,disrupted,geopolitical,any,"Trade embargo halts all cargo shipments to the region"
test,disrupted,geopolitical,sea,"Military blockade of Hormuz feared as tensions escalate"
test,disrupted,geopolitical,rail,"Rail freight to Europe via Belarus suspended amid sanctions"
test,disrupted,infrastructure,sea+road,"Cargo ship collides with a bridge, closing the Baltimore shipping channel"
test,disrupted,infrastructure,rail,"Derailment of a chemical train shuts a border rail crossing"
test,disrupted,infrastructure,any,"Warehouse fire at a Singapore logistics park destroys cargo"
test,disrupted,infrastructure,sea,"Blackout at Jawaharlal Nehru Port halts vessel loading"
test,disrupted,infrastructure,sea,"Crane collapse at Busan port injures workers and berths are closed"
test,disrupted,infrastructure,rail,"Tunnel collapse closes the main freight rail line through the Alps"
test,disrupted,infrastructure,air,"Air cargo terminal roof collapses under snow at Anchorage airport"
test,disrupted,infrastructure,sea,"Grounded bulk carrier blocks the Parana River waterway"
test,disrupted,infrastructure,road,"Gas explosion forces closure of a major highway"
test,disrupted,cyber,sea,"Cyberattack on DP World Australia halts container movements"
test,disrupted,cyber,air,"Ransomware shuts down an airline's cargo booking platform"
test,disrupted,cyber,rail,"Hackers target railway freight scheduling systems"
test,disrupted,cyber,any,"IT attack on the customs authority leaves shipments stuck at borders"
test,disrupted,cyber,sea+road,"Cyber incident disrupts the truck appointment system at Rotterdam port"
test,disrupted,congestion,sea,"Ships wait up to 10 days to berth at Chittagong as congestion worsens"
test,disrupted,congestion,sea,"Container backlog at Rotterdam grows as barge waiting times hit 70 hours"
test,disrupted,congestion,rail,"Freight trains stack up outside congested Los Angeles rail yards"
test,disrupted,congestion,air,"Air freight piles up at Frankfurt airport as handling capacity runs short"
test,disrupted,congestion,road,"Trucks queue for three days at the Chinese-Kyrgyz border"
test,disrupted,congestion,sea,"Port of Manila congestion forces carriers to skip calls"
test,disrupted,congestion,sea,"Equipment shortage leaves exporters without empty containers"
test,safe,,,"Hapag-Lloyd lifts full-year earnings guidance"
test,safe,,,"New container terminal at Tuas begins operations"
test,safe,,,"Air cargo demand rises for a sixth straight month"
test,safe,,,"India opens western dedicated freight corridor section to Mundra"
test,safe,,,"Port of Valencia reports steady throughput in July"
test,safe,,,"Logistics firm invests in an electric truck fleet"
test,safe,,,"Cargo airline receives its first Airbus A350F"
test,safe,,,"Kuehne+Nagel appoints a new chief executive"
test,safe,,,"Rail line reopens after scheduled maintenance is completed on time"
test,safe,,,"Dockers approve new contract, ending months of talks"
test,safe,,,"Calm seas expected across the Atlantic this week"
test,safe,,,"Shipping line settles dispute with port authority over fees"
test,safe,,,"Congestion at Chittagong eases after a new berth opens"
test,safe,,,"Freight rates on Asia-Europe routes ease slightly"
test,safe,,,"Port of Gdansk expands its rail connection capacity"
test,safe,,,"Truckers welcome new rest-area rules"
test,safe,,,"Strike threat lifted as airport handlers accept pay offer"
test,safe,,,"Customs clearance times fall to a record low"
test,safe,,,"Canal authority announces discounts for container ships"
test,safe,,,"Ship-to-shore cranes arrive at the new terminal"
test,safe,,,"Warehouse rents rise on strong demand for logistics space"
test,safe,,,"Railway orders 200 new freight wagons"
test,safe,,,"Container line posts an on-time performance record"
test,safe,,,"Port of Hamburg celebrates its annual harbour birthday festival"
test,safe,,,"Freight forwarders see steady bookings ahead of the holiday season"
test,safe,,,"Logistics startup raises funds for last-mile delivery robots"
test,safe,,,"Government cuts highway tolls for freight vehicles"
test,safe,,,"New air cargo route links Nairobi and Liege"
test,safe,,,"Port of Houston breaks its monthly container record"
test,safe,,,"Shipping companies agree on a common emissions reporting standard"
test,safe,,,"Storm-proof warehouse design wins architecture prize"
test,safe,,,"Truck platooning trial completed successfully on the autobahn"
test,safe,,,"Suez Canal Authority reports rising revenue"
test,safe,,,"Rail operator introduces longer freight trains to boost capacity"
test,safe,,,"Cybersecurity drill at the port finds no vulnerabilities"
test,safe,,,"Airline cargo division returns to profit"
test,safe,,,"Port signs deal to supply shore power to berthed ships"
test,safe,,,"Freight volumes on the Middle Corridor double"
test,safe,,,"Delivery firm hires 20,000 seasonal workers"
test,safe,,,"Shipping index edges up on steady demand"
test,safe,,,"Bridge reopens to trucks after inspection finds no damage"
test,safe,,,"Port launches an app to book truck arrival slots"
test,safe,,,"Record harvest boosts grain shipments from Brazil"
test,safe,,,"Port of Durban improves crane productivity"
test,safe,,,"Flights resume at Dubai after a brief sandstorm"
test,safe,,,"Carrier completes fleet upgrade ahead of schedule"
test,safe,,,"Airport freight village adds new warehouses"
test,safe,,,"Container shipping sees stable schedules in September"
test,safe,,,"Trade fair for logistics technology opens in Munich"
test,safe,,,"Wind farm components shipped safely to Taiwan"
